94705,Olivia Smith,UL18,false
79341,Olivia Smith,RH83,false
21603,Emma Johnson,HE17,false
99309,Sophia Brown,HI93,false
41303,Matthew Brown,XM07,false
40778,Olivia Smith,RO98,false
78448,Daniel Garcia,VS01,false
58091,Olivia Martinez,HU49,false
03872,Michael Garcia,WH64,false
18539,Emily Martinez,GC81,false
43685,Emily Davis,HP68,false
16913,Ava Brown,KA49,false
94447,Sophia Martinez,FI39,false
07017,William Smith,QY39,false
12240,Olivia Smith,SN57,false
70775,Emma Rodriguez,RE58,false
89807,Olivia Martinez,LD47,false
38581,Sophia Martinez,ZY96,false
54978,Olivia Martinez,RT29,false
43850,Michael Davis,GG62,false
25428,William Rodriguez,KA41,false
88793,Ava Martinez,JA49,false
65535,John Miller,AD75,false
78197,Ava Johnson,PM73,false
46553,Michael Johnson,PS67,false
22093,Emma Martinez,ET19,false
60470,Matthew Davis,NI58,false
52076,William Martinez,CM71,false
07688,Matthew Jones,BL29,false
56883,Matthew Jones,ZH13,false
18442,William Smith,CY11,false
05716,Michael Garcia,KI73,false
08473,Sophia Brown,FB67,false
78480,Michael Brown,OJ74,false
23726,Emma Martinez,JU68,false
82866,Matthew Davis,JF06,false
47954,Daniel Jones,KG49,false
49191,John Smith,DQ56,false
66159,Sophia Garcia,CD12,false
09103,John Smith,GH12,false
93708,Ava Johnson,SC55,false
05043,Michael Williams,LW94,false
46059,Matthew Rodriguez,XU04,false
30437,Matthew Garcia,ZC87,false
80790,Emily Williams,DE04,false
62400,John Smith,VW83,false
77439,Sophia Davis,TL00,false
14984,Sophia Smith,DZ34,false
05427,Daniel Smith,DI18,false
65159,Daniel Smith,ID71,false
30974,Matthew Brown,RJ94,false
60723,Daniel Jones,LV27,false
04094,Emma Garcia,HQ39,false
11428,John Garcia,HA03,false
89374,Emma Smith,WC29,false
99022,Matthew Johnson,WT53,false
93198,Michael Johnson,HB20,false
04310,Emily Garcia,BS34,false
88205,Michael Davis,WB89,false
83098,Michael Brown,ZC26,false
65396,John Davis,TE49,false
03091,Matthew Smith,ZX75,false
11745,Michael Davis,GK84,false
96857,Daniel Smith,OU89,false
02529,William Jones,SO30,false
76037,Michael Smith,GX69,false
83852,Ava Brown,NN95,false
73309,Sophia Williams,ZK58,false
89317,Michael Miller,QL98,false
13509,Matthew Johnson,AI66,false
26126,Olivia Williams,VM56,false
87243,Michael Brown,TK52,false
69970,Emma Brown,NL34,false
18706,John Smith,OF15,false
47972,Sophia Williams,YX60,false
33258,Ava Davis,MA61,false
94527,Daniel Jones,IZ56,false
72686,Olivia Davis,NG41,false
97663,William Garcia,AX99,false
89166,Emma Rodriguez,US97,false
73736,Matthew Johnson,CC60,false
94710,Olivia Garcia,MM17,false
52336,William Brown,KB06,false
15676,Matthew Martinez,MC14,false
30707,William Williams,AK38,false
44284,John Jones,QQ24,false
62815,Emily Brown,TY26,false
51866,John Rodriguez,VN09,false
29933,Olivia Jones,FE81,false
28482,William Miller,LL70,false
40794,Emily Williams,KO63,false
78997,John Miller,TF72,false
08723,Emma Rodriguez,MV21,false
07508,Michael Martinez,UZ74,false
56522,Ava Johnson,XR56,false
21805,Daniel Rodriguez,JD37,false
43469,Sophia Johnson,BS57,false
55427,Daniel Davis,JR30,false
37090,Michael Rodriguez,QE81,false
34593,Emily Brown,XX46,false
